word,hyperonym,text,url
КНУТ,орудие,"Орудие — инструмент вообще.
Развитие общества и человека напрямую связано с совершенствованием орудий труда. Производство орудий труда — процесс коллективный, который является его важнейшим, определяющим признаком. Животные могут использовать природные предметы в собственных действиях, но никогда не изготавливают орудия труда с помощью орудий труда. Даже самые примитивные орудия труда закрепляли и передавали другим индивидам инстинктивно незакрепленные «схемы деятельности». В орудиях труда, их форме и функциях закреплены идеальные, исторически выработанные, обобщенные способы трудовой деятельности. Орудия труда заставляют человека действовать по логике всеобщей схемы труда. В процессе обучения овладение орудиями труда становится важнейшим средством социализации индивидов, приобщения их к нормам культуры. Орудия труда были первыми предметными, материальными «абстракциями», что оказало влияние на процессы становления и развития собственно мышления. 
","https://kartaslov.ru/%D0%B7%D0%BD%D0%B0%D1%87%D0%B5%D0%BD%D0%B8%D0%B5-%D1%81%D0%BB%D0%BE%D0%B2%D0%B0/%D0%BE%D1%80%D1%83%D0%B4%D0%B8%D0%B5

https://ru.wikipedia.org/wiki/%D0%9E%D1%80%D1%83%D0%B4%D0%B8%D0%B5_%D1%82%D1%80%D1%83%D0%B4%D0%B0"
КНУТ,наказание,"Наказание — это мера государственного принуждения, применяемая государством в отношении лица, признанного виновным в совершении преступления, и состоящая в определённом сужении его правового статуса, наделении его особыми правами и обязанностями. 
Термин «наказание» в психологии означает действие, которое совершается с целью уменьшения, по крайней мере временно, вероятности того, что какое-либо поведение наказанного повторится. Предполагаемая цель наказания — побудить человека или животное не вести себя данным образом. Это наиболее общий метод контроля поведения.

По Б. Ф. Скиннеру, наказание может быть осуществлено двумя различными способами, которые он называет «позитивное наказание» и «негативное наказание».

Примеры позитивного наказания: если дети плохо себя ведут, то их ставят в угол или шлёпают; если студенты пользуются шпаргалками на экзамене, то их исключают из вуза; если взрослых ловят на краже, их штрафуют или сажают в тюрьму.

Негативное наказание состоит в том, что за определённым не одобряемым поведением человека следует устранение (возможного) позитивного подкрепляющего стимула. Например, детям запрещают смотреть телевизор из-за плохого поведения, с работником, нарушающим трудовую дисциплину, расторгают трудовой договор. 

Отдельно стоит упомянуть кнут, использовавшийся в России до середины XIX века как орудие наказания (штрафа) и пытки. По свидетельству Н. Н. Евреинова («История телесных наказаний в России», 1913 года) кнут для наказания состоял из трёх частей: деревянной ручки длиной примерно 0,35 метра, прикреплённой к плетёному кожаному столбцу длиной около 0,7 метра, оканчивавшемуся медным кольцом, к кольцу уже крепилась «рабочая» часть длиной тоже примерно 0,7 метра. Последняя, «рабочая» часть изготавливалась из широкой полосы толстой воловьей кожи (около одного сантиметра толщиной), согнутой для придания дополнительной жесткости уголком (уголок вдоль полосы кожи) и загнутой на конце в виде когтя. Иногда края рабочей части затачивались. Эту часть кнута предварительно вымачивали в специальных растворах, например, вываривали в воске или молоке, и высушивали на солнце[источник не указан 1898 дней]. «Рабочая» часть кнута могла быть дополнительно оплетена тонкой проволокой для придания кнуту дополнительной жёсткости. Таким образом, кнут палача был тяжёлым ударным орудием[источник не указан 1898 дней]. Правильный удар кнутом должен был рассекать кожу и подлежащие ткани до костей — это служило индикатором, что палач бьёт в полную силу (во времена Ивана Грозного, если палач бил слабо — рисковал занять место наказуемого)[источник не указан 1898 дней]. Во время нанесения ударов кнут отсыревал в крови и терял жёсткость, поэтому после каждых 10—15 ударов кнут меняли на новый[6]. ",https://kartaslov.ru/%D0%B7%D0%BD%D0%B0%D1%87%D0%B5%D0%BD%D0%B8%D0%B5-%D1%81%D0%BB%D0%BE%D0%B2%D0%B0/%D0%BD%D0%B0%D0%BA%D0%B0%D0%B7%D0%B0%D0%BD%D0%B8%D0%B5
КНУТ,рыба,"На мелководье у самого берега хорошо видны в прозрачной тёплой воде зонтики аурелий, искорками просверкивают стайки мальков, черноморский бычок высунул пучеглазую толстогубую мордочку из-под обросшего водорослями камня. 
Вот только если собрались ловить кнута подальше от берега, то и с мидией и с рачком можно остаться в пролёте. 
Бычок — молодой домашний бык; часто так называют и других молодых самцов парнокопытных.",https://kartaslov.ru/%D0%B7%D0%BD%D0%B0%D1%87%D0%B5%D0%BD%D0%B8%D0%B5-%D1%81%D0%BB%D0%BE%D0%B2%D0%B0/%D0%B1%D1%8B%D1%87%D0%BE%D0%BA
КНУТ,угроза,"Обещание причинить какое-л. зло, неприятность. Мужики заперли его исправника с двумя писарями в волостном правлении и, в свою очередь, грозили их сжечь. Исправник не поверил угрозе. Герцен, Былое и думы. — Кабы я был губернатором, я бы твоего сына — повесил! --- От этой злой угрозы на нее повеяло мертвым холодом.
Угро́за — запугивание, обещание причинить кому-либо вред, зло.

Угроза оглашения компрометирующих сведений (истинных или ложных) называется шантажом. Попытка получения чужого имущества путём угрозы называется вымогательством.

Сама по себе угроза есть не более как обнаружение умысла, и, по распространённому мнению, уже потому не может считаться наказуемой. Кроме того, похвальба причинить зло отнюдь еще не свидетельствует ни о намерении совершить деяние, воспрещенное законом под страхом наказания, ни о возможности его совершения. В старой немецкой доктрине делались неудачные попытки подводить угрозу под понятие покушения на преступление. Для наказуемости угрозы должно существовать самостоятельное основание. Так смотрят на вопрос многие юристы и кодексы, но в определении этого основания обнаруживается значительное различие взглядов. Одни (Глазер) считали угрозу наказуемой, как средство принуждения; другие (Неклюдов, Лохвицкий) относили её к области обид; третьи признавали угрозу разновидностью посягательств на свободу, находя, что сущность её заключается в воздействии на психическую деятельность угрожаемого, свобода коего относительно совершения или несовершения каких-либо действий, под влиянием угрозы, отменяется или ограничивается. 

Необходимость самовластья и прелести кнута. А. С. Пушкин, «(в эпиграмме на Историю Карамзина)».
Нельзя умолчать, когда под покровом религии и защитою кнута проповедуют ложь и безнравственность как истину и добродетель. В. Г. Белинский, «Письмо Н. В. Гоголю», 1847 г. 
Андрюшка Размётнов — этот рыском живёт, внатруску, лишнего не перебежит и не переступит, пока ему кнута не покажешь М. А. Шолохов, «Поднятая целина» 
Такие люди только кнут понимают да палку. 
",https://kartaslov.ru/%D0%B7%D0%BD%D0%B0%D1%87%D0%B5%D0%BD%D0%B8%D0%B5-%D1%81%D0%BB%D0%BE%D0%B2%D0%B0/%D1%83%D0%B3%D1%80%D0%BE%D0%B7%D0%B0
КНУТ,фамилия,"Дональд Эрвин Кнут (англ. Donald Ervin Knuth, МФА: /kəˈnuːθ/; род. 10 января 1938 года, Милуоки, штат Висконсин) — американский учёный в области информатики, эмерит-профессор Стэнфордского университета, почетный доктор СПбГУ и других университетов, преподаватель и идеолог программирования, автор 19 монографий (в том числе ряда классических книг по программированию) и более 160 статей, разработчик нескольких известных программных технологий. Автор всемирно известной серии книг, посвящённой основным алгоритмам и методам вычислительной математики, а также создатель настольных издательских систем ΤΕΧ и METAFONT, предназначенных для набора и вёрстки книг научно-технической тематики (в первую очередь — физико-математических). ","https://ru.wikipedia.org/wiki/%D0%9A%D0%BD%D1%83%D1%82,_%D0%94%D0%BE%D0%BD%D0%B0%D0%BB%D1%8C%D0%B4_%D0%AD%D1%80%D0%B2%D0%B8%D0%BD"
КНЯЖЕНИЕ,Власть,"Власть — это возможность навязать свою волю, управлять или воздействовать на других людей, даже вопреки их сопротивлению.

Суть власти не зависит от того, на чём основана такая возможность. Власть может базироваться на различных методах: демократических и авторитарных, честных и нечестных, насилии и мести, обмане, провокациях, вымогательстве, стимулировании, обещаниях и т. д.

Считается, что власть появилась с возникновением человеческого общества и будет в той или иной форме всегда сопутствовать его развитию. Она необходима для организации общественного производства, которое требует подчинения всех участников единой воле, а также для регулирования других взаимоотношений между людьми в обществе.

Специфической разновидностью является политическая власть — способность определённой социальной группы или класса осуществлять свою волю, оказывать воздействие на деятельность других социальных групп или классов. В отличие от иных видов власти (семейной, общественной и др.), политическая власть оказывает своё влияние на большие группы людей, использует в этих целях специально созданный аппарат и специфические средства. Наиболее сильным элементом политической власти является государство и система государственных органов, реализующих государственную власть. 

Княжение это исторический. период, в течение которого кто-либо княжит.
Княжить значит осуществлять власть над княжеством.",https://kartaslov.ru/%D0%B7%D0%BD%D0%B0%D1%87%D0%B5%D0%BD%D0%B8%D0%B5-%D1%81%D0%BB%D0%BE%D0%B2%D0%B0/%D0%B2%D0%BB%D0%B0%D1%81%D1%82%D1%8C
КНЯЖЕНИЕ,Управление,"Управление (философия) — деятельность субъекта по изменению объекта для достижения некоторой цели.

Управление — структурное подразделение в организации (например, «Управление сельского хозяйства Минобороны России»).

Управление (в организации) — синоним понятия менеджмент.

Управление — это процесс прогнозирования, планирования, организации, мотивации, координации и контроля, необходимый для того, чтобы сформулировать и достичь цели организации. 
С распространением владений колонии англичане постепенно ввели всю систему английского управления. Высшая власть вверена губернатору; но как губернатор в военное время имеет пребывание на границах колонии, то гражданская власть возложена на его помощника или наместника (lieutenant). 

На княжение новгородское был выдвинут Олег, опытный и хитрый воин. 
Родоначальник Лаврецких выехал в княжение Василия Темного из Пруссии.
Княжение это процесс управление княжеством.
",https://kartaslov.ru/%D0%B7%D0%BD%D0%B0%D1%87%D0%B5%D0%BD%D0%B8%D0%B5-%D1%81%D0%BB%D0%BE%D0%B2%D0%B0/%D1%83%D0%BF%D1%80%D0%B0%D0%B2%D0%BB%D0%B5%D0%BD%D0%B8%D0%B5
КНЯЖЕНИЕ,Правление,"Устаревшая форма термина «Управление». 
Коллегиальный исполнительный орган, обычно выборный, стоящий во главе какого-либо учреждения или организации (член правления, правление колхоза, председатель правления).
Племена, возглавляемые вождями, обычно более предрасположены к войнам, чем те, у которых демократическая форма правления.
Так начался пятнадцатый год его правления.
В это время готовились не только два столь знаменитые и встревожившие общество указа об уничтожении придворных чинов и об экзаменах на чины коллежских асессоров и статских советников, но и целая государственная конституция, долженствовавшая изменить существующий судебный, административный и финансовый порядок управления России от государственного совета до волостного правления. 
После Насона Моисеича принял бразды правления какой-то коллежский секретарь. Княжение есть форма правления(управления).",https://kartaslov.ru/%D0%B7%D0%BD%D0%B0%D1%87%D0%B5%D0%BD%D0%B8%D0%B5-%D1%81%D0%BB%D0%BE%D0%B2%D0%B0/%D0%BF%D1%80%D0%B0%D0%B2%D0%BB%D0%B5%D0%BD%D0%B8%D0%B5
КНЯЖЕНИЕ,Руководство,"И все это, взятое вместе, составляло, по мнению начальства, «твердо обдуманную воспитательную систему, принятую педагогическим советом на основании глубокого и всестороннего изучения вверенных его руководству детских натур и прочного доверия, питаемого воспитанниками к их воспитателям». 
деятельность руководителя. Искусство руководства есть серьезное дело. Сталин. Только руководство коммунистической партии обеспечило победу пролетарской революции и построение социалистического государства рабочих и крестьян. Княжение есть осуществление руководства над княжеством.",https://kartaslov.ru/%D0%B7%D0%BD%D0%B0%D1%87%D0%B5%D0%BD%D0%B8%D0%B5-%D1%81%D0%BB%D0%BE%D0%B2%D0%B0/%D1%80%D1%83%D0%BA%D0%BE%D0%B2%D0%BE%D0%B4%D1%81%D1%82%D0%B2%D0%BE
КНЯЖЕНИЕ,действие,"Действие есть работа, состояние действующего.
Княжение это состояние князя.
действие единица деятельности, целенаправленная преднамеренная активность, осуществляемая субъектом деятельности произвольно. В широком смысле действием является любое мотивированное поведение. Направленность действия необязательно осознается субъектом. Смысл действия также может быть скрыт от осознания. 
",https://kartaslov.ru/%D0%B7%D0%BD%D0%B0%D1%87%D0%B5%D0%BD%D0%B8%D0%B5-%D1%81%D0%BB%D0%BE%D0%B2%D0%B0/%D0%B4%D0%B5%D0%B9%D1%81%D1%82%D0%B2%D0%B8%D0%B5
КОБЗА,инструмент,"Совокупность ручных орудий, используемых в какой-л. специальности или для какой-л. операции. — У наших столяров вы и сейчас увидите инструмент ну точь-в-точь такой, каким еще Петр Первый мастерил. Рубанки, рейсмусы, долота, стамески.
То же, что музыкальный инструмент . Струнные инструменты. Он артистически играл на гуслях, балалайке, гармонике, не пытаясь овладеть инструментом более благородным и трудным.
Музыкальный инструмент — прибор для извлечения музыкальных звуков.
[Лат. instrumentum]
Ко́бза́ — украинский лютнеподобный струнный щипковый музыкальный инструмент с 4 (и более) парными струнами. Кобза состоит из корпуса и грифа, на грифе расположены 8—10 навязных ладов, с помощью которых на каждой струне можно получить звуки хроматической гаммы. Также были инструменты без ладов. 
",https://kartaslov.ru/%D0%B7%D0%BD%D0%B0%D1%87%D0%B5%D0%BD%D0%B8%D0%B5-%D1%81%D0%BB%D0%BE%D0%B2%D0%B0/%D0%B8%D0%BD%D1%81%D1%82%D1%80%D1%83%D0%BC%D0%B5%D0%BD%D1%82 
КОБЗА,лютня,"Лютня — струнный щипковый музыкальный инструмент с ладами на грифе и овальным корпусом. Исполнитель на лютне называется лютнистом, а мастер-изготовитель лютни и вообще любых струнных инструментов — лютье от фр. luthier.

Слово «лютня» вероятно, происходит от араб. العود‎ — аль-‘уд, «древесина», хотя недавние исследования Экхарда Нойбауэра доказывают, что слово ‘уд просто является арабизированным вариантом персидского слова руд, имеющего значения струны, струнного инструмента, или лютни. В то же время, Джанфранко Лотти считает, что в раннем исламе «дерево» было термином с пренебрежительной коннотацией, обусловленной существовавшим в нём запретом на любую инструментальную музыку. Кобза  украинский лютнеподобный инструмент.",https://kartaslov.ru/%D0%B7%D0%BD%D0%B0%D1%87%D0%B5%D0%BD%D0%B8%D0%B5-%D1%81%D0%BB%D0%BE%D0%B2%D0%B0/%D0%BB%D1%8E%D1%82%D0%BD%D1%8F
КОБЗА,бандура,"Банду́ра — украинский народный струнный щипковый музыкальный инструмент. Имеет овальный корпус и короткий гриф. Струны (на старых инструментах — 12-25, на современных — 53-70) частью натягиваются над грифом (так называемые басы"", более длинные, низко звучащие), частью же прикрепляются к деке (так называемые приструнки, более короткие, звучащие высоко). Бандура отличается полнотой звучания и ярким характерным тембром. Строй бандуры смешанный, в нижнем регистре квартово-секундовый, в верхнем преимущественно диатонический, в современных инструментах — хроматический. Играют на бандуре, защипывая струны пальцами с надетыми специальными ""ногтями"" или без них. 
И взошедший месяц долго еще видел толпы музыкантов, проходивших по улицам с бандурами, турбанами, круглыми балалайками, и церковных песельников, которых держали на Сечи для пенья в церкви и для восхваленья запорожских дел. Кобза – украинский народный щипковый инструмент.
",https://kartaslov.ru/%D0%B7%D0%BD%D0%B0%D1%87%D0%B5%D0%BD%D0%B8%D0%B5-%D1%81%D0%BB%D0%BE%D0%B2%D0%B0/%D0%B1%D0%B0%D0%BD%D0%B4%D1%83%D1%80%D0%B0
КОБЗА,щипковый,"Щипковые музыкальные инструменты — струнные музыкальные инструменты (арфа, балалайка, бандура, гитара, домбра и т. п.), из которых звуки извлекаются щипком. 
О струнных музыкальных инструментах: такой, из к-рого звуки извлекаются щипком (прикосновением пальцев или же особых пластинок к струнам); 
Струнные щипковые музыкальные инструменты — группа струнных музыкальных инструментов, источником звука которых являются натянутые струны, а звукоизвлечение осуществляется защипыванием струн пальцами, плектром или другим приспособлением. ",https://kartaslov.ru/%D0%B7%D0%BD%D0%B0%D1%87%D0%B5%D0%BD%D0%B8%D0%B5-%D1%81%D0%BB%D0%BE%D0%B2%D0%B0/%D1%89%D0%B8%D0%BF%D0%BA%D0%BE%D0%B2%D1%8B%D0%B9
КОБЗА,украинский,"украинский относящийся к Украине или её народу
Среди множества этих усердных богомольцев отличались от всех, не столько одеждою, сколько бодрым и воинственным видом, украинские казаки, присланные с богатыми дарами от гетмана малороссийского. 
 КОБЗА, Старинный украинский щипковый музыкальный инструмент.",https://kartaslov.ru/%D0%B7%D0%BD%D0%B0%D1%87%D0%B5%D0%BD%D0%B8%D0%B5-%D1%81%D0%BB%D0%BE%D0%B2%D0%B0/%D1%83%D0%BA%D1%80%D0%B0%D0%B8%D0%BD%D1%81%D0%BA%D0%B8%D0%B9
КОБЗАРЬ,певец,"певец тот, кто умеет петь, кто хорошо поет. Уж не раз доходили до меня слухи об Яшке-Турке, как об лучшем певце в околотке.
тот, кто поёт, занимается пением; исполнитель вокальной музыки: песен, романсов, арий, хоров и т. п.; музыкант, исполняющий музыку на музыкальном инструменте, которым является его собственный голос. Певец — наиболее распространённая разновидность вокалиста. 
Актер из драматического театра читал, певец пел, художники рисовали в альбомы, которых у Ольги Ивановны было множество, виолончелист играл, и сама хозяйка тоже рисовала, лепила, пела и аккомпанировала.  Кобзарь певец акомпанирующий себе кобзой.",https://kartaslov.ru/%D0%B7%D0%BD%D0%B0%D1%87%D0%B5%D0%BD%D0%B8%D0%B5-%D1%81%D0%BB%D0%BE%D0%B2%D0%B0/%D0%BF%D0%B5%D0%B2%D0%B5%D1%86
КОБЗАРЬ,музыкант,"музыкант
человек, играющий на музыкальном инструменте, исполняющий музыку
человек, занимающийся музыкой профессионально, специалист в области музыки
Скрывшиеся в траве музыканты играли старательно, вкладывая в, казалось бы, ненужное, но прекрасное ремесло душу и всё умение, на которое были способны.
Но он не был великим музыкантом.
Места для уличных музыкантов никогда не бывают пустыми, если один уходит домой, его место тут же занимает другой.
КОБЗАРЬ Украинский народный певец, сопровождающий свое пение игрой на кобзе.
",https://kartaslov.ru/%D0%B7%D0%BD%D0%B0%D1%87%D0%B5%D0%BD%D0%B8%D0%B5-%D1%81%D0%BB%D0%BE%D0%B2%D0%B0/%D0%BC%D1%83%D0%B7%D1%8B%D0%BA%D0%B0%D0%BD%D1%82
КОБЗАРЬ,народный,"Народный Тесно связанный с народом, соответствующий духу народа, его культуре, мировоззрению.
связанный, соотносящийся по значению с существительным народ; свойственный, характерный для него.
Сотрудничество с ней могло дать нам всё необходимое для восстановления разрушенного народного хозяйства.
Для перевоспитания своей коллегии народный комиссар применял, надо признать, своеобразные методы.
Опорой марокканской и иорданской монархий в народных массах их стран является происхождение правящих династий, восходящее к потомкам пророка.
Кобзарь украинский народный певец, аккомпанирующий себе на кобзе.
Вот мы сидим себе под деревом, и в ожидании обеда, настроивши кобзу, заиграл мой кобзарь.",https://kartaslov.ru/%D0%B7%D0%BD%D0%B0%D1%87%D0%B5%D0%BD%D0%B8%D0%B5-%D1%81%D0%BB%D0%BE%D0%B2%D0%B0/%D0%BD%D0%B0%D1%80%D0%BE%D0%B4%D0%BD%D1%8B%D0%B9
КОБЗАРЬ,исполнитель,"Исполнитель (автор исполнения) – физическое лицо, творческим трудом которого создано исполнение: артист-исполнитель (актер, певец, музыкант, танцор или другое лицо, которое играет роль, читает, декламирует, поет, играет на музыкальном инструменте или иным образом участвует в исполнении произведения литературы, искусства или народного творчества, в том числе эстрадного, циркового или кукольного номера), а также режиссёр-постановщик спектакля (лицо, осуществившее постановку театрального, циркового, кукольного, эстрадного или иного театрально-зрелищного представления) и дирижер. Кобзарь исполнитель народных украинских песен акомпонирующий себе кобзой.",https://kartaslov.ru/%D0%B7%D0%BD%D0%B0%D1%87%D0%B5%D0%BD%D0%B8%D0%B5-%D1%81%D0%BB%D0%BE%D0%B2%D0%B0/%D0%B8%D1%81%D0%BF%D0%BE%D0%BB%D0%BD%D0%B8%D1%82%D0%B5%D0%BB%D1%8C
КОБЗАРЬ,бандурист,"Бандурист, бандурник, бандурщик — музыкант, играющий на бандуре. Слепые бандуристы, которые жили и работали в сельской среде в прошлом назывались кобзарями. ",https://kartaslov.ru/%D0%B7%D0%BD%D0%B0%D1%87%D0%B5%D0%BD%D0%B8%D0%B5-%D1%81%D0%BB%D0%BE%D0%B2%D0%B0/%D0%B1%D0%B0%D0%BD%D0%B4%D1%83%D1%80%D0%B8%D1%81%D1%82
КОВРИЖКА,блюдо,"Блюдо — кушанье, приготовленная еда из нескольких ингредиентов. Как правило подразделяется на первое блюдо (бульоны, супы), второе (мясо, рыба с гарниром, каши и пр.), третье (напитки, сладкие десерты). Также может определяться при отношении того или иного вида кушанья к национальной кухне (к примеру, «Гуляш — национальное венгерское блюдо»). Коврижка — плоское и высокое пряничное изделие, состоящее из пластов толщиной не менее 3 см, прослоенных начинкой или без неё. Блюдо русской кухни. Слово «коврижка» происходит от «коврига», что означает цельный хлеб. ",https://kartaslov.ru/%D0%B7%D0%BD%D0%B0%D1%87%D0%B5%D0%BD%D0%B8%D0%B5-%D1%81%D0%BB%D0%BE%D0%B2%D0%B0/%D0%B1%D0%BB%D1%8E%D0%B4%D0%BE
КОВРИЖКА,хлеб,"Хлеб пищевой продукт, выпекаемый из муки.  Коврижка — изделие из пряничного теста размером от совсем небольшого до 1—1,5 метра в длину, до 1 метра в ширину, и высотой 6—10 сантиметров. Вес коврижек иногда достигает пуда и более. Популярное блюдо русской кухни. Слово «коврижка» происходит от «коврига», что означает цельный хлеб.",https://kartaslov.ru/%D0%B7%D0%BD%D0%B0%D1%87%D0%B5%D0%BD%D0%B8%D0%B5-%D1%81%D0%BB%D0%BE%D0%B2%D0%B0/%D0%BA%D0%BE%D0%B2%D1%80%D0%B8%D0%B6%D0%BA%D0%B0
КОВРИЖКА,пряничное изделие,"Коврижка — плоское и высокое пряничное изделие, состоящее из пластов толщиной не менее 3 см, прослоенных начинкой или без неё. Блюдо русской кухни. Слово «коврижка» происходит от «коврига», что означает цельный хлеб. ",
КОВРИЖКА,постное блюдо,"ПО́СТНЫЙ,Не содержащий мясного и молочного; противоп. скоромный (в 1 знач.). Постное масло (растительное, преимущественно подсолнечное). (Малый академический словарь, МАС) Коврижка — изделие из пряничного теста размером от совсем небольшого до 1—1,5 метра в длину, до 1 метра в ширину, и высотой 6—10 сантиметров. Вес коврижек иногда достигает пуда и более. Популярное блюдо русской кухни. Слово «коврижка» происходит от «коврига», что означает цельный хлеб.

История коврижек и пряников на Руси начинается с 9 века, только тогда они назывались медовыми лепешками и изготавливались из муки, меда и ягодного сока.

Появление слова «коврижка» разные источники относят к XIII—XV векам.

Основные ингредиенты коврижки: мука, мёд, изюм, орехи, сахар.

Часто коврижка состоит из двух слоёв теста и слоя варенья либо повидла между ними. Верхний слой теста покрывается глазурью, приготовленной из сахарной пудры.

Благодаря содержанию мёда, коврижка долго не черствеет.

Часто эту выпечку называют постной, так как она разрешена к употреблению во время не слишком строгих дней поста, и при довольно скудном постном питании такая еда — настоящее лакомство. ",https://kartaslov.ru/%D0%B7%D0%BD%D0%B0%D1%87%D0%B5%D0%BD%D0%B8%D0%B5-%D1%81%D0%BB%D0%BE%D0%B2%D0%B0/%D0%BA%D0%BE%D0%B2%D1%80%D0%B8%D0%B6%D0%BA%D0%B0
КОВРИЖКА,медовыми лепешками," Коврижка — изделие из пряничного теста размером от совсем небольшого до 1—1,5 метра в длину, до 1 метра в ширину, и высотой 6—10 сантиметров. Вес коврижек иногда достигает пуда и более. Популярное блюдо русской кухни. Слово «коврижка» происходит от «коврига», что означает цельный хлеб.

История коврижек и пряников на Руси начинается с 9 века, только тогда они назывались медовыми лепешками и изготавливались из муки, меда и ягодного сока.",https://kartaslov.ru/%D0%B7%D0%BD%D0%B0%D1%87%D0%B5%D0%BD%D0%B8%D0%B5-%D1%81%D0%BB%D0%BE%D0%B2%D0%B0/%D0%BA%D0%BE%D0%B2%D1%80%D0%B8%D0%B6%D0%BA%D0%B0
КОВЫЛЬ,Poaceae,"Ковыль (лат. Stipa) — род многолетних однодольных травянистых растений из семейства Злаки, или Мятликовые (Poaceae). ",https://kartaslov.ru/%D0%B7%D0%BD%D0%B0%D1%87%D0%B5%D0%BD%D0%B8%D0%B5-%D1%81%D0%BB%D0%BE%D0%B2%D0%B0/%D0%BA%D0%BE%D0%B2%D1%8B%D0%BB%D1%8C
КОВЫЛЬ,Злаки," Ковыль (лат. Stipa) — род многолетних однодольных травянистых растений из семейства Злаки, или Мятликовые (Poaceae). ",https://kartaslov.ru/%D0%B7%D0%BD%D0%B0%D1%87%D0%B5%D0%BD%D0%B8%D0%B5-%D1%81%D0%BB%D0%BE%D0%B2%D0%B0/%D0%BA%D0%BE%D0%B2%D1%8B%D0%BB%D1%8C
КОВЫЛЬ,многолетня трава," Ковыль (лат. Stipa) — род многолетних однодольных травянистых растений из семейства Злаки, или Мятликовые (Poaceae). ",https://ru.wikipedia.org/wiki/%D0%9A%D0%BE%D0%B2%D1%8B%D0%BB%D1%8C
КОВЫЛЬ,однодольная трава," Ковыль (лат. Stipa) — род многолетних однодольных травянистых растений из семейства Злаки, или Мятликовые (Poaceae). ",https://kartaslov.ru/%D0%B7%D0%BD%D0%B0%D1%87%D0%B5%D0%BD%D0%B8%D0%B5-%D1%81%D0%BB%D0%BE%D0%B2%D0%B0/%D0%BA%D0%BE%D0%B2%D1%8B%D0%BB%D1%8C
КОВЫЛЬ,гнущаяся трава,"Связь ковы́ль с ковыля́ть «хромать», «гнуть», с.-в.-р. (едва ли первонач. «гнущаяся трава»), вероятно, не более как народн. Этимология.",https://ru.wiktionary.org/wiki/%D0%BA%D0%BE%D0%B2%D1%8B%D0%BB%D1%8C
КОЖГАЛАНТЕРЕЯ,ГАЛАНТЕРЕЯ,"ГАЛАНТЕРЕЯ Некоторые товары, являющиеся мелкой принадлежностью туалета, личного обихода. КОЖГАЛАНТЕРЕЯ галантерейные товары из натуральной или искусственной кожи",https://kartaslov.ru/%D0%BA%D0%B0%D1%80%D1%82%D0%B0-%D1%81%D0%BB%D0%BE%D0%B2%D0%B0/%D0%BA%D0%BE%D0%B6%D0%B3%D0%B0%D0%BB%D0%B0%D0%BD%D1%82%D0%B5%D1%80%D0%B5%D1%8F
КОЖГАЛАНТЕРЕЯ,КОЖА," КОЖГАЛАНТЕРЕЯ галантерейные товары из натуральной или искусственной кожи. 
Кожа — прочный и гибкий долговечный материал, получаемый путём выделки шкур в условиях традиционного хозяйства или промышленного предприятия. Отдельную категорию представляет меховое производство. ",https://kartaslov.ru/%D0%BA%D0%B0%D1%80%D1%82%D0%B0-%D1%81%D0%BB%D0%BE%D0%B2%D0%B0/%D0%BA%D0%BE%D0%B6%D0%B3%D0%B0%D0%BB%D0%B0%D0%BD%D1%82%D0%B5%D1%80%D0%B5%D1%8F
КОЖГАЛАНТЕРЕЯ,товар, КОЖГАЛАНТЕРЕЯ галантерейные товары из натуральной или искусственной кожи. ,https://kartaslov.ru/%D0%BA%D0%B0%D1%80%D1%82%D0%B0-%D1%81%D0%BB%D0%BE%D0%B2%D0%B0/%D0%BA%D0%BE%D0%B6%D0%B3%D0%B0%D0%BB%D0%B0%D0%BD%D1%82%D0%B5%D1%80%D0%B5%D1%8F
КОЖГАЛАНТЕРЕЯ,Бутик,"Бутик (от фр. boutique «небольшой магазин», «лавка») — небольшой узкоспециализированный магазин с ограниченным кругом клиентов. В бутиках обычно продаётся модная дорогая одежда или ювелирные изделия. А по пути в парикмахерскую мы забрели в кожгалантерею, и я купила маме сумку и платок.",https://kartaslov.ru/%D0%BA%D0%B0%D1%80%D1%82%D0%B0-%D1%81%D0%BB%D0%BE%D0%B2%D0%B0/%D0%BA%D0%BE%D0%B6%D0%B3%D0%B0%D0%BB%D0%B0%D0%BD%D1%82%D0%B5%D1%80%D0%B5%D1%8F
КОЖГАЛАНТЕРЕЯ,Мастерская,"Каждый день, посещая свой цех, или банк, или мастерскую по ремонту кожгалантереи, человек подпитывается служебной информацией, болезненно переживает, если есть в ней что-либо неприятное, а потом со спокойной совестью выливает ушат негативных эмоций, домыслов и слухов как на своих близких, так и на стены родного дома, тем самым создавая замкнутый круг, из которого можно вырваться одним лишь способом: вовремя отсечь источник информации.",https://kartaslov.ru/%D0%BA%D0%B0%D1%80%D1%82%D0%B0-%D1%81%D0%BB%D0%BE%D0%B2%D0%B0/%D0%BA%D0%BE%D0%B6%D0%B3%D0%B0%D0%BB%D0%B0%D0%BD%D1%82%D0%B5%D1%80%D0%B5%D1%8F
КОЖЗАМЕНИТЕЛЬ,материал,"КОЖЗАМЕНИТЕЛЬ полимерный материал, имитирующий внешний вид и потребительские свойства натуральной кожи, то же что кожимит ",https://kartaslov.ru/%D0%BA%D0%B0%D1%80%D1%82%D0%B0-%D1%81%D0%BB%D0%BE%D0%B2%D0%B0/%D0%BA%D0%BE%D0%B6%D0%B7%D0%B0%D0%BC%D0%B5%D0%BD%D0%B8%D1%82%D0%B5%D0%BB%D1%8C
КОЖЗАМЕНИТЕЛЬ,заменитель,"Заменитель материал или продукт, используемый вместо другого, обычно более дорогого и качественного. КОЖЗАМЕНИТЕЛЬ полимерный материал, имитирующий внешний вид и потребительские свойства натуральной кожи, то же что кожимит ",https://ru.wiktionary.org/wiki/%D0%B7%D0%B0%D0%BC%D0%B5%D0%BD%D0%B8%D1%82%D0%B5%D0%BB%D1%8C
КОЗЛЯТИНА,мясо,"Однако многие последователи индуизма относятся вполне лояльно к мясу, включая в свой рацион птицу, баранину, козлятину.",https://kartaslov.ru/%D0%BA%D0%B0%D1%80%D1%82%D0%B0-%D1%81%D0%BB%D0%BE%D0%B2%D0%B0/%D0%BA%D0%BE%D0%B7%D0%BB%D1%8F%D1%82%D0%B8%D0%BD%D0%B0
КОЗЛЯТИНА,еда,"Директору даже пришлось открывать погреб с запасами еды, чтобы не умереть с голоду. В погребе стоял холдильник с козлятиной и говядиной.",https://kartaslov.ru/%D1%81%D0%B8%D0%BD%D0%BE%D0%BD%D0%B8%D0%BC%D1%8B-%D0%BA-%D1%81%D0%BB%D0%BE%D0%B2%D1%83/%D0%B5%D0%B4%D0%B0
КОЗЛЯТИНА,пища,"КОЗЛЯТИНА. Мясо козы, козла или козленка как пища.",https://kartaslov.ru/%D0%BA%D0%B0%D1%80%D1%82%D0%B0-%D1%81%D0%BB%D0%BE%D0%B2%D0%B0/%D0%BA%D0%BE%D0%B7%D0%BB%D1%8F%D1%82%D0%B8%D0%BD%D0%B0
КОЗЛЯТИНА,белок,"Белоки высокомолекулярные органические вещества, состоящие из альфа-аминокислот, соединённых в цепочку пептидной связью. Белок содержистя в мясе. Козлятина это мясо.",https://ru.wikipedia.org/wiki/%D0%91%D0%B5%D0%BB%D0%BA%D0%B8
КОЗЛЯТИНА,Органика,"органические вещества — класс химических соединений, в состав которых входит углерод (за исключением карбидов, угольной кислоты, карбонатов, оксидов углерода и цианидов). Органика — от слова организм, живое существо. Козлятина есть органическое вещество.",https://ru.wikipedia.org/wiki/%D0%9E%D1%80%D0%B3%D0%B0%D0%BD%D0%B8%D0%BA%D0%B0
КОЗОВОД,животновод,КОЗОВОД это животновод специалист по козоводству. Разведению коз.,https://ru.wiktionary.org/wiki/%D0%BA%D0%BE%D0%B7%D0%BE%D0%B2%D0%BE%D0%B4
КОЗОВОД,специалист,КОЗОВОД специалист по козоводству.,https://ru.wiktionary.org/wiki/%D0%BA%D0%BE%D0%B7%D0%BE%D0%B2%D0%BE%D0%B5
КОЗОВОД,человек,КОЗОВОД это человек специалист по козоводству. Разведению коз.,https://ru.wiktionary.org/wiki/%D0%BA%D0%BE%D0%B7%D0%BE%D0%B2%D0%BE%D0%B6
КОЗОВОД,профессия,"Профессия Род трудовой деятельности, занятий, требующий определенной подготовки и являющийся обычно источником существования.  КОЗОВОД профессия специалиста по разведению коз.",
КОЗОВОД,,,
КОЛЕНКОР,ткань,"Коленкор (фр. calicot — «ситец из Каликута») — лёгкая, но жёсткая подкладочная и прокладочная ткань полотняного переплетения из пряжи среднего качества. ",https://ru.wikipedia.org/wiki/%D0%9A%D0%BE%D0%BB%D0%B5%D0%BD%D0%BA%D0%BE%D1%80
КОЛЕНКОР,материал,"Коленкор (от названия ткани коленкор) — переплётный материал на тканевой основе со специальным покровным слоем.

Обычно изготавливается из неокрашенной или предварительно окрашенной хлопчатобумажной ткани (миткаля) путём нанесения крахмально-каолинового слоя с пигментом (аппретирования). Этот слой скрадывает фактуру ткани, придаёт ей жёсткость и лоск, делает поверхность более восприимчивой к тиснению фольгой и печати трафаретными и переплётными красками. ",https://ru.wikipedia.org/wiki/%D0%9A%D0%BE%D0%BB%D0%B5%D0%BD%D0%BA%D0%BE%D1%80_(%D0%BF%D0%B5%D1%80%D0%B5%D0%BF%D0%BB%D1%91%D1%82)
КОЛЕНКОР,Миткаль,"Митка́ль (от перс. меткал) — суровая тонкая хлопчатобумажная ткань полотняного переплетения. Состоит ткань из довольно толстых нитей неотбеленной пряжи, обычно имеет сероватый оттенок.

Миткаль является полуфабрикатом для производства различных тканей и других материалов. Если миткаль соответствующим образом обработать, то из него можно получить ситец (при этом наносится печатный рисунок) и различные бельевые ткани, такие как муслин и мадаполам. Также миткаль используют для изготовления дерматина и клеёнки. Коленкор обычно изготавливается из неокрашенной или предварительно окрашенной хлопчатобумажной ткани (миткаля) путём нанесения крахмально-каолинового слоя с пигментом (аппретирования).",https://ru.wikipedia.org/wiki/%D0%9C%D0%B8%D1%82%D0%BA%D0%B0%D0%BB%D1%8C_(%D1%82%D0%BA%D0%B0%D0%BD%D1%8C)
КОЛЕНКОР,покровный слой,Коленкор (от названия ткани коленкор) — переплётный материал на тканевой основе со специальным покровным слоем. ,
КОЛЕНКОР,пряжа,"Коленко́р (фр. calicot — «ситец из Каликута») — лёгкая, но жёсткая подкладочная и прокладочная ткань полотняного переплетения из пряжи среднего качества. ",
КОЛЕНОПРЕКЛОНЕНИЕ,мольбы,"КОЛЕНОПРЕКЛОНЕ́НИЕ, Стояние на коленях (обычно как выражение преклонения или мольбы)",
КОЛЕНОПРЕКЛОНЕНИЕ,ритуал,"В ритуал паломничества входили посещение храмов, в которых находились чудотворные иконы, участие в богослужении с пением молитв, псалмов, богородичных песен, крёстные ходы, коленопреклонение и нередко оползание храмов, а также принесение даров.",https://kartaslov.ru/%D0%BA%D0%B0%D1%80%D1%82%D0%B0-%D1%81%D0%BB%D0%BE%D0%B2%D0%B0/%D0%BA%D0%BE%D0%BB%D0%B5%D0%BD%D0%BE%D0%BF%D1%80%D0%B5%D0%BA%D0%BB%D0%BE%D0%BD%D0%B5%D0%BD%D0%B8%D0%B5
КОЛЕНОПРЕКЛОНЕНИЕ,Епитимии,"Епитимии таковы: молитвы, посты, посещения больных, путешествия по святым местам, коленопреклонения, пожертвования на храм.",
КОЛЕНОПРЕКЛОНЕНИЕ,действие,КОЛЕНОПРЕКЛОНЕНИЕ это действие совершаемое при паломничестве.,
КОЛЕНОПРЕКЛОНЕНИЕ,подчинение,КОЛЕНОПРЕКЛОНЕНИЕ совершается чтобы проявить подчинение и уважение к объекту поклонения.,
КОЛЛОКВИУМ,экзамен,"Коллоквиум (лат. colloquium — разговор, беседа) — форма проверки и оценивания знаний учащихся в системе образования, преимущественно в ВУЗах.

Как правило, представляет собой проводимый по инициативе преподавателя промежуточный мини-экзамен один или несколько раз в семестр, имеющий целью уменьшить список тем, выносимых на основной экзамен, и оценить текущий уровень знаний студентов. В ходе коллоквиума могут также проверяться проекты, рефераты и другие письменные работы учащихся. Оценка, полученная на коллоквиуме, может влиять на оценку на основном экзамене (в различных вузах на этот счёт приняты различные правила). В некоторых случаях преподаватель выносит на коллоквиум все пройденные темы и студент, как на итоговом экзамене, получает единственную оценку, идущую в зачёт по дисциплине. ",https://ru.wikipedia.org/wiki/%D0%9A%D0%BE%D0%BB%D0%BB%D0%BE%D0%BA%D0%B2%D0%B8%D1%83%D0%BC_(%D1%8D%D0%BA%D0%B7%D0%B0%D0%BC%D0%B5%D0%BD)
КОЛЛОКВИУМ,занятие,"КОЛЛОКВИУМ одна из форм учебных занятий, имеющая целю выяснение и повышение уровня знаний студентов",https://ru.wiktionary.org/wiki/%D0%BA%D0%BE%D0%BB%D0%BB%D0%BE%D0%BA%D0%B2%D0%B8%D1%83%D0%BC
КОЛЛОКВИУМ,проверка,"Коллоквиум (лат. colloquium — разговор, беседа) — форма проверки и оценивания знаний учащихся в системе образования, преимущественно в ВУЗах.",https://ru.wikipedia.org/wiki/%D0%9A%D0%BE%D0%BB%D0%BB%D0%BE%D0%BA%D0%B2%D0%B8%D1%83%D0%BC_(%D1%8D%D0%BA%D0%B7%D0%B0%D0%BC%D0%B5%D0%BD)
КОЛЛОКВИУМ,научное собрание,"В связи с этим мы проводим серию коллоквиумов, на которых видные теоретики, философы, кураторы могли бы сформулировать новые подходы.",https://ru.wiktionary.org/wiki/%D0%BA%D0%BE%D0%BB%D0%BB%D0%BE%D0%BA%D0%B2%D0%B8%D1%83%D0%BC
КОЛЛОКВИУМ,орган,"КОЛЛОКВИУМ орган из пасторов и пресвитеров от каждой общины, руководящий ассоциацией общин, то же что пресвитерия",https://ru.wiktionary.org/wiki/%D0%BA%D0%BE%D0%BB%D0%BB%D0%BE%D0%BA%D0%B2%D0%B8%D1%83%D0%BC
КОЛОНОСКОПИЯ,метод,"Колоноскопия — медицинский эндоскопический диагностический метод, во время которого врач осматривает и оценивает состояние внутренней поверхности толстой кишки при помощи эндоскопа. ",https://ru.wikipedia.org/wiki/%D0%9A%D0%BE%D0%BB%D0%BE%D0%BD%D0%BE%D1%81%D0%BA%D0%BE%D0%BF%D0%B8%D1%8F
КОЛОНОСКОПИЯ,диагностический,"Колоноскопия — медицинский эндоскопический диагностический метод, во время которого врач осматривает и оценивает состояние внутренней поверхности толстой кишки при помощи эндоскопа. ",https://ru.wikipedia.org/wiki/%D0%9A%D0%BE%D0%BB%D0%BE%D0%BD%D0%BE%D1%81%D0%BA%D0%BE%D0%BF%D0%B8%D1%8F
КОЛОНОСКОПИЯ,медицинский,"Колоноскопия — медицинский эндоскопический диагностический метод, во время которого врач осматривает и оценивает состояние внутренней поверхности толстой кишки при помощи эндоскопа. ",https://ru.wikipedia.org/wiki/%D0%9A%D0%BE%D0%BB%D0%BE%D0%BD%D0%BE%D1%81%D0%BA%D0%BE%D0%BF%D0%B8%D1%8F
КОЛОНОСКОПИЯ,операция,"При колоноскопии можно провести операцию по удалению гиперпластические полипы размером 1-5мм, полипы аденоматозной структуры (неоплазии) необходимо удалять диатермической петлей после предварительного создания ""подушки"" из физиологического раствора в подслизистом слое.",https://ru.wikipedia.org/wiki/%D0%9A%D0%BE%D0%BB%D0%BE%D0%BD%D0%BE%D1%81%D0%BA%D0%BE%D0%BF%D0%B8%D1%8F
КОЛОНОСКОПИЯ,биопсия,"Колоноскопия дает возможность визуально диагностировать опухоли, воспалительные заболевания, а также выполнить биопсию.",https://ru.wikipedia.org/wiki/%D0%9A%D0%BE%D0%BB%D0%BE%D0%BD%D0%BE%D1%81%D0%BA%D0%BE%D0%BF%D0%B8%D1%8F
КОЛУМБАРИЙ,стена,"Колумбарий  стена с нишами для хранения урн с прахом после кремации. В Черноморске собирались строить крематорий с соответствующим помещением для гробовых урн, то есть колумбарием, и это новшество со стороны кладбищенского подотдела почему-то очень веселило граждан.",
КОЛУМБАРИЙ,захоронение,Колумбарий захоронение в виде стены для хранения урн с прахом после кремации.,
КОЛУМБАРИЙ,хранилище урн,"Колумбарий (лат. columbarium, первоначальное значение — голубятня, от columba — голубь) — хранилище урн с прахом после кремации.",https://ru.wikipedia.org/wiki/%D0%9A%D0%BE%D0%BB%D1%83%D0%BC%D0%B1%D0%B0%D1%80%D0%B8%D0%B9
КОЛУМБАРИЙ,здание,"В Древнем Риме для колумбариев сооружались специальные здания с рядами полукруглых ниш. Один из древнеримских колумбариев, построенный в I в. до н. э. при императоре Августе, был обнаружен в 1726 году близ Рима, на Аппиевой дороге. В настоящее время колумбарии оборудуются на кладбищах и при крематориях. В России наиболее известным подобным захоронением является колумбарий в стене Московского Кремля. ",https://ru.wikipedia.org/wiki/%D0%9A%D0%BE%D0%BB%D1%83%D0%BC%D0%B1%D0%B0%D1%80%D0%B8%D0%B9
КОЛУМБАРИЙ,кладбище,Колумбарий это кладбище для людей сожжённых в крематории.,
КОЛЫМАГА,экипаж,КОЛЫМАГА старинный закрытый четырехколесный экипаж. В каждую из этих тяжёлых колымаг впрягли по десять сильных лошадей.,https://kartaslov.ru/%D0%BA%D0%B0%D1%80%D1%82%D0%B0-%D1%81%D0%BB%D0%BE%D0%B2%D0%B0/%D0%BA%D0%BE%D0%BB%D1%8B%D0%BC%D0%B0%D0%B3%D0%B0
КОЛЫМАГА,повозка,"Колымага (калымага) — использовавшаяся тюркскими кочевниками, накрытая пологом повозка, в которой едет невеста из знатной или богатой семьи, за которую выплачен калым. Также назывался и весь брачный караван. Накрытие пологом было продиктовано тем, что у ряда кочевых народов существовал, а местами и сейчас существует свадебный обычай скрывать лицо невесты до дня свадьбы. Лишь в день свадьбы исполнялся обряд и открывалось лицо невесты. Такой свадебный обычай сохранился до настоящего времени у казахов…",https://ru.wikipedia.org/wiki/%D0%9A%D0%BE%D0%BB%D1%8B%D0%BC%D0%B0%D0%B3%D0%B0
КОЛЫМАГА,транспортное средство,После прекращения выпуска безрессорных экипажей словом «колымага» стали уничижительно называть любое транспортное средство плохого качества. ,https://ru.wikipedia.org/wiki/%D0%9A%D0%BE%D0%BB%D1%8B%D0%BC%D0%B0%D0%B3%D0%B0
КОЛЫМАГА,переулок,"Колымажный переулок в Центральном административном округе города Москвы был назван по расположенному здесь в XVII—XVIII веках Колымажному двору, где хранились царские экипажи. ",https://ru.wikipedia.org/wiki/%D0%9A%D0%BE%D0%BB%D1%8B%D0%BC%D0%B0%D0%B3%D0%B0
КОЛЫМАГА,автомобиль,"автомобиль устаревшей модели в плохом состоянии. Мало кто верил, что пацану это удастся, но через пару месяцев Толик сам проехал за рулем колымаги по двору гаража. ",https://ru.wiktionary.org/wiki/%D0%BA%D0%BE%D0%BB%D1%8B%D0%BC%D0%B0%D0%B3%D0%B0
КОМБАТАНТ,лицо,"Комбатант (от фр. Combatant — сражающийся) — лицо, принимающее непосредственное участие в боевых действиях в составе вооружённых сил одной из сторон международного вооружённого конфликта и имеющее в этом качестве особый юридический статус (определение комбатанта прямо или косвенно содержится в ЖКIII и ДПI к Женевским Конвенциям). ",https://ru.wikipedia.org/wiki/%D0%9A%D0%BE%D0%BC%D0%B1%D0%B0%D1%82%D0%B0%D0%BD%D1%82
КОМБАТАНТ,участник,Комбатант это участник международного конфликта.,
КОМБАТАНТ,ополчение,"Так как отличие солдат регулярной армии не вызывают сомнения, то в основном данные критерии были созданы для помощи в отделении ополчения и добровольческих отрядов от гражданского населения и теперь они также определены как комбатанты. ",
КОМБАТАНТ,солдат,"Так как отличие солдат регулярной армии не вызывают сомнения, то в основном данные критерии были созданы для помощи в отделении ополчения и добровольческих отрядов от гражданского населения и теперь они также определены как комбатанты. ",
КОМБАТАНТ,доброволец,"Так как отличие солдат регулярной армии не вызывают сомнения, то в основном данные критерии были созданы для помощи в отделении ополчения и добровольческих отрядов от гражданского населения и теперь они также определены как комбатанты. ",
КОМБИНАТОРИКА,раздел математики,"Комбинаторика (комбинаторный анализ) — раздел математики, изучающий дискретные объекты, множества (сочетания, перестановки, размещения и перечисления элементов) и отношения на них (например, частичного порядка).",
КОМБИНАТОРИКА,Термин,"Термин комбинаторика был введён в математический обиход Лейбницем, который в 1666 году опубликовал свой труд «Рассуждения о комбинаторном искусстве». ",
КОМБИНАТОРИКА,сочетания,"КОМБИНАТОРИКА это совокупность сочетаний, перестановок, размещений элементов какого-либо множества",
КОМБИНАТОРИКА,свойство,"Комбинаторика (языкознание) — это свойство единиц языка и соответствующих им единиц речи вступать в синтагматические отношения, то есть в отношения сочетаемости. ",
КОМБИНАТОРИКА,подсчёт различных комбинаций,"В узком смысле комбинаторика – это подсчёт различных комбинаций, которые можно составить из некоторого множества дискретных объектов.",http://www.mathprofi.ru/zadachi_po_kombinatorike_primery_reshenij.html
КОМЕДИОГРАФ,драматург,"КОМЕДИОГРАФ драматург, пишущий комедии. Думаю, из Катаняна мог бы получиться непревзойденный комедиограф, но после такого отпора Вася перестал сочинять что-либо весёлое, а стал как все. ",https://ru.wiktionary.org/wiki/%D0%BA%D0%BE%D0%BC%D0%B5%D0%B4%D0%B8%D0%BE%D0%B3%D1%80%D0%B0%D1%84
КОМЕДИОГРАФ,автор,КОМЕДИОГРАФ автор комедий.,
КОМЕДИОГРАФ,поэт,КОМЕДИОГРАФ поэт сочиняющий комедийные пьессы.,
КОМЕДИОГРАФ,сочинитель,КОМЕДИОГРАФ соченитель комедий,
КОМЕДИОГРАФ,Писатель," КОМЕДИОГРАФ, Писатель, создающий литературные произведения в жанре комедии.",
КОМЕНДОР,Матрос-артиллерист,Комендор — матрос-артиллерист в российском военно-морском флоте.,https://ru.wikipedia.org/wiki/%D0%9A%D0%BE%D0%BC%D0%B5%D0%BD%D0%B4%D0%BE%D1%80
КОМЕНДОР,Унтер-офицер,"Комендор унтер-офицер, распоряжающийся каким-либо соединением или техническим устройством",
КОМЕНДОР,артиллерист,Комендор — матрос-артиллерист в российском военно-морском флоте.,
КОМЕНДОР,матрос,Комендор — матрос-артиллерист в российском военно-морском флоте.,
КОМЕНДОР,звание,"На Русском флоте до 1917 года слово комендор являлось званием матроса, специально подготовленного для исполнения артиллерийских обязанностей.",
КОМИТЕНТ,лицо,"КОМИТЕНТ одна из сторон договора комиссии — лицо, поручающее комиссионеру совершить какую-либо сделку или ряд сделок от имени последнего, но за свой счёт. ",https://ru.wiktionary.org/wiki/%D0%BA%D0%BE%D0%BC%D0%B8%D1%82%D0%B5%D0%BD%D1%82
КОМИТЕНТ,сторона,"Комитент — сторона в договоре комиссии, поручающая другой стороне (комиссионеру) совершить за вознаграждение (комиссию) одну или несколько сделок с товарами, векселями, акциями, облигациями и т.д. Сделка заключается от имени комиссионера, но в интересах и за счет комитента.",https://dic.academic.ru/dic.nsf/ruwiki/323452
КОМИТЕНТ,участник,КОМИТЕНТ это участник договора комиссии.,
КОМИТЕНТ,принципал,"КОМИТЕНТ это принципал, который отдает агенту (консигнатору) свои товары на консигнацию (consignment) для реализации, как правило за рубежом.",
КОМИТЕНТ,потребитель,Комитент это  потребитель,
КОМКОР,звание,Комкор — воинское звание высшего командного состава в Красной Армии. Сокращение от «командир корпуса». ,
КОМКОР,офицер,Комкор —офицер высшего командного состава в Красной Армии. Сокращение от «командир корпуса». ,
КОМКОР,командир,Комкор сокращение от «командир корпуса». ,
КОМКОР,руководитель,Комкор руководитель корпуса,
КОМКОР,Военачальник,"комкор —  Военачальник, командир корпуса.",
КОНВЕКТОР,прибор,"Конвектор — отопительный прибор, в котором тепло от теплоносителя или нагревательного элемента передаётся в отапливаемое помещение конвекцией. ",
КОНВЕКТОР,отопительный,"Конвектор — отопительный прибор, в котором тепло от теплоносителя или нагревательного элемента передаётся в отапливаемое помещение конвекцией. ",
КОНВЕКТОР,труба,"В конвекторе как правило, газоход имеет коаксиальную конструкцию — труба в трубе. ",
КОНВЕКТОР,устройство,Конвектор устройство применяемое в отопительной системе.,
КОНВЕКТОР,обогреватель,Конвектор выступает в роли обогревателя помещения.,
КОНВЕКЦИЯ,перенос теплоты,Конвекция Перенос теплоты или электрических зарядов движущейся средой. ,
КОНВЕКЦИЯ,перенос электрических зарядов,Конвекция Перенос теплоты или электрических зарядов движущейся средой. ,
КОНВЕКЦИЯ,вид теплообмена,"Конвекция (от лат. convectiō — «перенесение») — вид теплообмена, при котором внутренняя энергия передается струями и потоками. Существует так называемая естественная конвекция, которая возникает в веществе самопроизвольно при его неравномерном нагревании в поле тяготения. При такой конвекции нижние слои вещества нагреваются, становятся легче и всплывают, а верхние слои, наоборот, остывают, становятся тяжелее и опускаются вниз, после чего процесс повторяется снова и снова.",https://kartaslov.ru/%D0%BA%D0%B0%D1%80%D1%82%D0%B0-%D1%81%D0%BB%D0%BE%D0%B2%D0%B0/%D0%BA%D0%BE%D0%BD%D0%B2%D0%B5%D0%BA%D1%86%D0%B8%D1%8F
КОНВЕКЦИЯ,процесс,Конвекция это процесс теплообмена,
КОНВЕКЦИЯ,способ,Конвекция это способ равномерно прогреть всю духовку.,
